EventID,EventName,EventType,Department,DayOfWeek,Season,TimeOfDay,VenueCapacity,Attendance,AttendanceLevel,FeedbackScore,EngagementIndex
1,Event_1,Seminar,Mechanical,Wednesday,Monsoon,Evening,257,88,Low,2,0.684824903
2,Event_2,Hackathon,Mechanical,Saturday,Summer,Morning,163,112,Medium,1,0.687116564
3,Event_3,Sports,ECE,Friday,Winter,Evening,71,24,Low,5,1.690140845
4,Event_4,Hackathon,Civil,Friday,Monsoon,Afternoon,398,178,Medium,2,0.894472362
5,Event_5,Hackathon,CSE,Monday,Winter,Morning,263,116,Medium,4,1.764258555
6,Event_6,Cultural,Civil,Monday,Monsoon,Morning,220,130,Medium,3,1.772727273
7,Event_7,Sports,Management,Thursday,Summer,Afternoon,372,134,Low,3,1.080645161
8,Event_8,Sports,Mechanical,Saturday,Winter,Afternoon,103,29,Low,2,0.563106796
9,Event_9,Sports,CSE,Friday,Monsoon,Afternoon,443,154,Low,3,1.042889391
10,Event_10,Hackathon,CSE,Tuesday,Winter,Afternoon,347,103,Low,3,0.890489914
11,Event_11,Seminar,Management,Wednesday,Winter,Afternoon,369,352,High,1,0.953929539
12,Event_12,Sports,Management,Monday,Summer,Morning,175,84,Medium,4,1.92
13,Event_13,Hackathon,ECE,Wednesday,Winter,Afternoon,326,243,High,4,2.981595092
14,Event_14,Cultural,Mechanical,Wednesday,Monsoon,Morning,253,62,Low,1,0.245059289
15,Event_15,Seminar,Mechanical,Thursday,Monsoon,Morning,243,96,Low,1,0.395061728
16,Event_16,Cultural,Civil,Friday,Monsoon,Afternoon,218,77,Low,3,1.059633028
17,Event_17,Seminar,ECE,Monday,Monsoon,Afternoon,201,131,Medium,5,3.258706468
18,Event_18,Hackathon,ECE,Wednesday,Summer,Morning,84,43,Medium,3,1.535714286
19,Event_19,Workshop,ECE,Monday,Winter,Afternoon,233,151,Medium,1,0.64806867
20,Event_20,Seminar,ECE,Tuesday,Summer,Afternoon,335,254,High,4,3.032835821
21,Event_21,Cultural,Mechanical,Thursday,Winter,Afternoon,106,39,Low,3,1.103773585
22,Event_22,Hackathon,Mechanical,Tuesday,Winter,Evening,271,107,Low,5,1.974169742
23,Event_23,Seminar,ECE,Monday,Winter,Morning,352,99,Low,3,0.84375
24,Event_24,Workshop,Civil,Monday,Summer,Evening,212,210,High,2,1.981132075
25,Event_25,Workshop,CSE,Friday,Winter,Afternoon,68,62,High,3,2.735294118
26,Event_26,Sports,CSE,Wednesday,Summer,Evening,419,409,High,1,0.976133652
27,Event_27,Sports,Civil,Wednesday,Monsoon,Afternoon,313,96,Low,4,1.226837061
28,Event_28,Cultural,ECE,Tuesday,Monsoon,Evening,331,217,Medium,4,2.622356495
29,Event_29,Seminar,Mechanical,Thursday,Winter,Afternoon,162,37,Low,1,0.228395062
30,Event_30,Seminar,CSE,Saturday,Summer,Evening,376,180,Medium,2,0.957446809
31,Event_31,Sports,Management,Wednesday,Monsoon,Evening,79,68,High,1,0.860759494
32,Event_32,Seminar,Management,Friday,Summer,Evening,184,96,Medium,3,1.565217391
33,Event_33,Seminar,Civil,Tuesday,Summer,Morning,116,112,High,1,0.965517241
34,Event_34,Workshop,ECE,Tuesday,Winter,Evening,114,76,Medium,1,0.666666667
35,Event_35,Sports,CSE,Saturday,Monsoon,Morning,341,190,Medium,2,1.114369501
36,Event_36,Hackathon,ECE,Friday,Winter,Afternoon,74,43,Medium,3,1.743243243
37,Event_37,Sports,CSE,Thursday,Winter,Evening,86,27,Low,5,1.569767442
38,Event_38,Hackathon,Civil,Friday,Monsoon,Afternoon,50,44,High,5,4.4
39,Event_39,Workshop,Civil,Thursday,Monsoon,Afternoon,448,91,Low,4,0.8125
40,Event_40,Cultural,Management,Friday,Summer,Evening,86,49,Medium,1,0.569767442
41,Event_41,Seminar,ECE,Friday,Monsoon,Morning,190,42,Low,4,0.884210526
42,Event_42,Workshop,Management,Monday,Summer,Evening,281,280,High,2,1.992882562
43,Event_43,Seminar,ECE,Tuesday,Summer,Afternoon,185,138,High,5,3.72972973
44,Event_44,Cultural,Management,Friday,Summer,Afternoon,438,388,High,1,0.885844749
45,Event_45,Cultural,Mechanical,Saturday,Monsoon,Evening,237,189,High,2,1.594936709
46,Event_46,Workshop,Mechanical,Friday,Winter,Morning,177,38,Low,2,0.429378531
47,Event_47,Cultural,Mechanical,Wednesday,Summer,Morning,250,78,Low,1,0.312
48,Event_48,Hackathon,Mechanical,Tuesday,Winter,Afternoon,176,141,High,2,1.602272727
49,Event_49,Cultural,CSE,Wednesday,Winter,Afternoon,306,164,Medium,1,0.535947712
50,Event_50,Seminar,Mechanical,Tuesday,Monsoon,Morning,213,43,Low,,0.201877934
51,Event_51,Seminar,Civil,Wednesday,Winter,Evening,84,25,Low,3,0.892857143
52,Event_52,Seminar,Civil,Friday,Winter,Afternoon,243,157,Medium,4,2.58436214
53,Event_53,Seminar,CSE,Friday,Monsoon,Morning,240,138,Medium,2,1.15
54,Event_54,Hackathon,Mechanical,Monday,Summer,Afternoon,153,54,Low,2,0.705882353
55,Event_55,Sports,Mechanical,Saturday,Winter,Evening,72,17,Low,3,0.708333333
56,Event_56,Workshop,Mechanical,Wednesday,Monsoon,Morning,314,109,Low,3,1.041401274
57,Event_57,Seminar,Management,Thursday,Winter,Afternoon,339,217,Medium,3,1.920353982
58,Event_58,Cultural,ECE,Monday,Winter,Evening,479,421,High,5,4.394572025
59,Event_59,Seminar,Management,Wednesday,Summer,Afternoon,433,109,Low,5,1.258660508
60,Event_60,Cultural,ECE,Wednesday,Winter,Evening,309,226,High,5,3.656957929
61,Event_61,Cultural,Mechanical,Monday,Monsoon,Evening,463,433,High,1,0.935205184
62,Event_62,Seminar,Mechanical,Friday,Winter,Morning,407,259,Medium,2,1.272727273
63,Event_63,Hackathon,Management,Wednesday,Summer,Evening,124,76,Medium,4,2.451612903
64,Event_64,Cultural,,Friday,Summer,Afternoon,404,148,Low,1,0.366336634
65,Event_65,Cultural,,Monday,Monsoon,Evening,121,52,Medium,2,0.859504132
66,Event_66,Seminar,Civil,Friday,Summer,Evening,308,265,High,2,1.720779221
67,Event_67,Cultural,ECE,Tuesday,Winter,Morning,447,109,Low,3,0.731543624
68,Event_68,Cultural,Management,Thursday,Summer,Evening,237,176,High,3,2.227848101
69,Event_69,Seminar,Management,Wednesday,Monsoon,Evening,222,137,Medium,1,0.617117117
70,Event_70,Seminar,CSE,Saturday,Summer,Afternoon,339,70,Low,3,0.619469027
71,Event_71,Workshop,Management,Thursday,Summer,Morning,94,58,Medium,2,1.234042553
72,Event_72,Hackathon,CSE,Friday,Summer,Morning,110,63,Medium,3,1.718181818
73,Event_73,Hackathon,Civil,Wednesday,Monsoon,Morning,132,89,Medium,5,3.371212121
74,Event_74,Cultural,ECE,Friday,Summer,Evening,172,58,Low,3,1.011627907
75,Event_75,Hackathon,ECE,Tuesday,Summer,Morning,407,94,Low,2,0.461916462
76,Event_76,Cultural,CSE,Monday,Winter,Evening,65,23,Low,1,0.353846154
77,Event_77,Workshop,ECE,Wednesday,Monsoon,Evening,115,77,Medium,4,2.67826087
78,Event_78,Seminar,Management,Tuesday,Summer,Afternoon,473,104,Low,3,0.65961945
79,Event_79,Seminar,Mechanical,Tuesday,Monsoon,Afternoon,194,152,High,2,1.567010309
80,Event_80,Seminar,CSE,Wednesday,Summer,Afternoon,424,322,High,4,3.037735849
81,Event_81,Hackathon,ECE,Friday,Summer,Afternoon,211,138,Medium,4,2.616113744
82,Event_82,Workshop,CSE,Saturday,Summer,Afternoon,283,166,Medium,5,2.932862191
83,Event_83,Hackathon,CSE,Tuesday,Winter,Evening,429,290,Medium,4,2.703962704
84,Event_84,Hackathon,Mechanical,Thursday,Winter,Evening,193,157,High,2,1.626943005
85,Event_85,Workshop,,Tuesday,Winter,Morning,407,358,High,2,1.759213759
86,Event_86,Workshop,CSE,Saturday,Monsoon,Evening,237,67,Low,3,0.848101266
87,Event_87,Workshop,ECE,Friday,Monsoon,Evening,371,302,High,3,2.442048518
88,Event_88,Workshop,Civil,Friday,Winter,Afternoon,499,103,Low,,0.619238477
89,Event_89,Seminar,CSE,Thursday,Monsoon,Evening,62,51,High,4,3.290322581
90,Event_90,Sports,CSE,Tuesday,Summer,Afternoon,233,221,High,4,3.793991416
91,Event_91,Sports,Mechanical,Friday,Summer,Morning,160,62,Low,5,1.9375
92,Event_92,Workshop,Management,Saturday,Summer,Morning,464,273,Medium,3,1.765086207
93,Event_93,Sports,Civil,Wednesday,Winter,Evening,339,290,High,1,0.855457227
94,Event_94,Sports,ECE,Monday,Monsoon,Morning,344,313,High,5,4.549418605
95,Event_95,Workshop,Civil,Monday,Winter,Evening,441,109,Low,1,0.247165533
96,Event_96,Sports,ECE,Monday,Monsoon,Morning,264,169,Medium,4,2.560606061
97,Event_97,Hackathon,Management,Tuesday,Summer,Afternoon,169,73,Medium,5,2.159763314
98,Event_98,Cultural,ECE,Thursday,Winter,Afternoon,431,175,Medium,5,2.030162413
99,Event_99,Cultural,Mechanical,Friday,Monsoon,Afternoon,104,72,High,2,1.384615385
100,Event_100,Workshop,Mechanical,Wednesday,Monsoon,Afternoon,76,29,Low,4,1.526315789
101,Event_101,Seminar,Mechanical,Saturday,Summer,Evening,167,44,Low,4,1.053892216
102,Event_102,Workshop,Mechanical,Wednesday,Winter,Morning,270,75,Low,5,1.388888889
103,Event_103,Seminar,Civil,Saturday,Winter,Evening,280,77,Low,4,1.1
104,Event_104,Cultural,Management,Tuesday,Winter,Afternoon,102,57,Medium,5,2.794117647
105,Event_105,Workshop,ECE,Monday,Summer,Evening,344,286,High,2,1.662790698
106,Event_106,Hackathon,ECE,Tuesday,Winter,Morning,370,228,Medium,5,3.081081081
107,Event_107,Sports,Mechanical,Thursday,Summer,Evening,450,135,Low,4,1.2
108,Event_108,Seminar,Mechanical,Thursday,Summer,Morning,282,210,High,4,2.978723404
109,Event_109,Sports,CSE,Saturday,Summer,Evening,207,60,Low,5,1.449275362
110,Event_110,Sports,Management,Friday,Monsoon,Morning,486,305,Medium,5,3.137860082
111,Event_111,Workshop,Civil,Friday,Winter,Morning,318,254,High,5,3.993710692
112,Event_112,Sports,ECE,Saturday,Winter,Afternoon,70,59,High,3,2.528571429
113,Event_113,Hackathon,CSE,Thursday,Summer,Morning,452,327,High,4,2.89380531
114,Event_114,Sports,CSE,Thursday,Summer,Afternoon,102,47,Medium,4,1.843137255
115,Event_115,Workshop,ECE,Thursday,Winter,Afternoon,324,148,Medium,3,1.37037037
116,Event_116,Hackathon,Civil,Tuesday,Summer,Afternoon,362,237,Medium,5,3.273480663
117,Event_117,Cultural,CSE,Thursday,Winter,Evening,330,103,Low,2,0.624242424
118,Event_118,Sports,CSE,Wednesday,Monsoon,Evening,263,107,Medium,5,2.034220532
119,Event_119,Workshop,Management,Monday,Summer,Evening,80,55,Medium,5,3.4375
120,Event_120,Cultural,Civil,Thursday,Winter,Evening,386,359,High,3,2.79015544
121,Event_121,Cultural,CSE,Saturday,Summer,Morning,232,104,Medium,4,1.793103448
122,Event_122,Seminar,Civil,Monday,Winter,Morning,72,62,High,5,4.305555556
123,Event_123,Hackathon,ECE,Tuesday,Winter,Evening,81,17,Low,4,0.839506173
124,Event_124,Sports,Mechanical,Saturday,Summer,Morning,495,135,Low,1,0.272727273
125,Event_125,Workshop,CSE,Monday,Monsoon,Morning,123,40,Low,4,1.300813008
126,Event_126,Seminar,Management,Saturday,Winter,Afternoon,59,46,High,2,1.559322034
127,Event_127,Hackathon,ECE,Tuesday,Winter,Afternoon,103,73,High,2,1.417475728
128,Event_128,Seminar,Civil,Wednesday,Winter,Afternoon,101,23,Low,5,1.138613861
129,Event_129,Hackathon,ECE,Tuesday,Monsoon,Afternoon,197,131,Medium,4,2.659898477
130,Event_130,Hackathon,CSE,Tuesday,Monsoon,Morning,209,108,Medium,5,2.583732057
131,Event_131,Sports,Civil,Saturday,Summer,Evening,419,241,Medium,3,1.725536993
132,Event_132,Hackathon,Mechanical,Friday,Monsoon,Morning,63,19,Low,2,0.603174603
133,Event_133,Seminar,ECE,Thursday,Summer,Morning,227,129,Medium,5,2.841409692
134,Event_134,Hackathon,CSE,Thursday,Summer,Morning,461,226,Medium,3,1.470715835
135,Event_135,Sports,Management,Wednesday,Monsoon,Afternoon,415,187,Medium,,2.253012048
136,Event_136,Sports,Civil,Wednesday,Summer,Afternoon,102,59,Medium,4,2.31372549
137,Event_137,Seminar,ECE,Thursday,Monsoon,Afternoon,457,326,High,4,2.853391685
138,Event_138,Cultural,ECE,Friday,Summer,Evening,384,104,Low,4,1.083333333
139,Event_139,Cultural,Mechanical,Thursday,Monsoon,Morning,71,56,High,4,3.154929577
140,Event_140,Hackathon,Mechanical,Friday,Monsoon,Evening,79,47,Medium,1,0.594936709
141,Event_141,Workshop,Management,Wednesday,Summer,Afternoon,240,67,Low,3,0.8375
142,Event_142,Hackathon,Management,Monday,Winter,Evening,309,112,Low,3,1.087378641
143,Event_143,Seminar,CSE,Saturday,Summer,Morning,254,65,Low,4,1.023622047
144,Event_144,Seminar,CSE,Wednesday,Monsoon,Morning,108,34,Low,1,0.314814815
145,Event_145,Seminar,Management,Wednesday,Winter,Afternoon,313,123,Low,4,1.571884984
146,Event_146,Seminar,Management,Tuesday,Summer,Afternoon,61,52,High,1,0.852459016
147,Event_147,Seminar,Civil,Tuesday,Summer,Evening,168,39,Low,4,0.928571429
148,Event_148,Sports,Mechanical,Tuesday,Summer,Afternoon,464,229,Medium,2,0.987068966
149,Event_149,Cultural,CSE,Saturday,Winter,Afternoon,339,295,High,2,1.740412979
150,Event_150,Seminar,Mechanical,Tuesday,Monsoon,Morning,387,264,Medium,5,3.410852713
151,Event_151,Workshop,Mechanical,Friday,Summer,Afternoon,297,262,High,4,3.528619529
152,Event_152,Workshop,Management,Thursday,Summer,Afternoon,403,127,Low,3,0.945409429
153,Event_153,Workshop,Civil,Monday,Summer,Morning,176,149,High,5,4.232954545
154,Event_154,Workshop,ECE,Wednesday,Summer,Morning,124,71,Medium,2,1.14516129
155,Event_155,Sports,Civil,Friday,Summer,Evening,410,374,High,4,3.648780488
156,Event_156,Workshop,Civil,Monday,Monsoon,Afternoon,253,249,High,5,4.920948617
157,Event_157,Seminar,Mechanical,Friday,Monsoon,Morning,98,41,Medium,4,1.673469388
158,Event_158,Hackathon,,Friday,Summer,Evening,128,108,High,2,1.6875
159,Event_159,Workshop,CSE,Wednesday,Winter,Evening,490,379,High,5,3.867346939
160,Event_160,Sports,Mechanical,Thursday,Monsoon,Afternoon,290,99,Low,2,0.682758621
161,Event_161,Sports,CSE,Tuesday,Winter,Afternoon,398,239,Medium,1,0.600502513
162,Event_162,Workshop,ECE,Saturday,Monsoon,Evening,203,188,High,2,1.852216749
163,Event_163,Hackathon,Mechanical,Thursday,Summer,Morning,323,120,Low,4,1.486068111
164,Event_164,Workshop,ECE,Saturday,Monsoon,Evening,145,65,Medium,3,1.344827586
165,Event_165,Sports,Mechanical,Wednesday,Summer,Afternoon,263,66,Low,2,0.501901141
166,Event_166,Cultural,Management,Wednesday,Monsoon,Morning,343,231,Medium,3,2.020408163
167,Event_167,Seminar,Civil,Wednesday,Summer,Morning,258,199,High,1,0.771317829
168,Event_168,Sports,Management,Monday,Summer,Evening,392,376,High,5,4.795918367
169,Event_169,Workshop,ECE,Saturday,Summer,Afternoon,137,47,Low,5,1.715328467
170,Event_170,Seminar,Civil,Thursday,Summer,Evening,355,259,High,3,2.188732394
171,Event_171,Workshop,Mechanical,Thursday,Winter,Evening,313,267,High,5,4.265175719
172,Event_172,Workshop,Civil,Friday,Summer,Evening,474,110,Low,2,0.464135021
173,Event_173,Cultural,CSE,Friday,Winter,Morning,439,370,High,3,2.528473804
174,Event_174,Seminar,Civil,Friday,Winter,Morning,374,190,Medium,4,2.032085561
175,Event_175,Seminar,CSE,Wednesday,Summer,Afternoon,477,188,Low,2,0.788259958
176,Event_176,Cultural,Civil,Thursday,Winter,Afternoon,426,113,Low,2,0.530516432
177,Event_177,Sports,CSE,Saturday,Monsoon,Evening,369,276,High,2,1.495934959
178,Event_178,Workshop,ECE,Wednesday,Summer,Evening,206,127,Medium,4,2.466019417
179,Event_179,Hackathon,Management,Monday,Winter,Evening,205,92,Medium,1,0.448780488
180,Event_180,Workshop,Mechanical,Friday,Summer,Afternoon,188,108,Medium,5,2.872340426
181,Event_181,Workshop,Civil,Wednesday,Summer,Morning,170,117,Medium,3,2.064705882
182,Event_182,Sports,Management,Wednesday,Summer,Morning,114,85,High,1,0.745614035
183,Event_183,Workshop,Mechanical,Monday,Winter,Evening,156,42,Low,3,0.807692308
184,Event_184,Cultural,Mechanical,Tuesday,Monsoon,Evening,196,194,High,5,4.948979592
185,Event_185,Cultural,CSE,Thursday,Monsoon,Evening,186,107,Medium,4,2.301075269
186,Event_186,Seminar,ECE,Saturday,Winter,Evening,460,341,High,2,1.482608696
187,Event_187,Hackathon,ECE,Tuesday,Summer,Afternoon,211,196,High,2,1.857819905
188,Event_188,Workshop,Management,Friday,Winter,Morning,477,291,Medium,4,2.440251572
189,Event_189,Workshop,ECE,Wednesday,Winter,Evening,149,127,High,1,0.852348993
190,Event_190,Sports,Civil,Monday,Winter,Afternoon,387,163,Medium,1,0.42118863
191,Event_191,Cultural,ECE,Monday,Summer,Evening,448,120,Low,3,0.803571429
192,Event_192,Hackathon,Management,Thursday,Winter,Evening,356,300,High,4,3.370786517
193,Event_193,Seminar,ECE,Tuesday,Summer,Morning,190,147,High,1,0.773684211
194,Event_194,Cultural,Civil,Thursday,Winter,Evening,132,88,Medium,4,2.666666667
195,Event_195,Seminar,CSE,Wednesday,Monsoon,Morning,226,92,Medium,5,2.03539823
196,Event_196,Sports,Management,Thursday,Winter,Morning,247,208,High,2,1.684210526
197,Event_197,Sports,CSE,Saturday,Winter,Morning,161,151,High,2,1.875776398
198,Event_198,Workshop,CSE,Monday,Monsoon,Afternoon,105,80,High,2,1.523809524
199,Event_199,Hackathon,CSE,Monday,Summer,Afternoon,228,130,Medium,4,2.280701754
200,Event_200,Seminar,Mechanical,Friday,Summer,Morning,470,384,High,4,3.268085106
201,Event_201,Cultural,Mechanical,Friday,Winter,Evening,450,283,Medium,3,1.886666667
202,Event_202,Sports,CSE,Wednesday,Monsoon,Morning,235,57,Low,2,0.485106383
203,Event_203,Workshop,Management,Saturday,Summer,Evening,267,98,Low,3,1.101123596
204,Event_204,Workshop,Civil,Tuesday,Winter,Morning,462,458,High,2,1.982683983
205,Event_205,Seminar,Civil,Thursday,Monsoon,Evening,466,418,High,3,2.690987124
206,Event_206,Sports,ECE,Wednesday,Summer,Afternoon,365,348,High,3,2.860273973
207,Event_207,Hackathon,Management,Friday,Summer,Evening,266,62,Low,5,1.165413534
208,Event_208,Sports,Mechanical,Thursday,Monsoon,Morning,169,156,High,3,2.769230769
209,Event_209,Seminar,CSE,Friday,Monsoon,Afternoon,488,222,Medium,4,1.819672131
210,Event_210,Seminar,ECE,Thursday,Monsoon,Evening,443,136,Low,3,0.920993228
211,Event_211,Sports,Civil,Tuesday,Monsoon,Evening,224,124,Medium,2,1.107142857
212,Event_212,Seminar,Mechanical,Wednesday,Winter,Evening,72,40,Medium,3,1.666666667
213,Event_213,Sports,Mechanical,Thursday,Monsoon,Evening,262,139,Medium,1,0.530534351
214,Event_214,Cultural,,Saturday,Summer,Evening,454,417,High,2,1.837004405
215,Event_215,Sports,Civil,Monday,Summer,Afternoon,284,138,Medium,1,0.485915493
216,Event_216,Sports,Management,Saturday,Winter,Afternoon,62,46,High,2,1.483870968
217,Event_217,Seminar,Mechanical,Saturday,Summer,Afternoon,150,135,High,4,3.6
218,Event_218,Seminar,CSE,Monday,Summer,Afternoon,466,174,Low,4,1.493562232
219,Event_219,Workshop,Management,Saturday,Monsoon,Morning,73,19,Low,4,1.04109589
220,Event_220,Workshop,Civil,Thursday,Summer,Afternoon,413,103,Low,1,0.249394673
221,Event_221,Cultural,Mechanical,Thursday,Winter,Evening,60,25,Medium,5,2.083333333
222,Event_222,Workshop,Management,Thursday,Monsoon,Evening,322,94,Low,2,0.583850932
223,Event_223,Sports,Management,Monday,Monsoon,Afternoon,480,454,High,4,3.783333333
224,Event_224,Seminar,Management,Saturday,Winter,Evening,330,76,Low,2,0.460606061
225,Event_225,Workshop,Mechanical,Monday,Monsoon,Afternoon,143,127,High,,0.888111888
226,Event_226,Workshop,Mechanical,Thursday,Monsoon,Evening,250,95,Low,5,1.9
227,Event_227,Cultural,ECE,Saturday,Winter,Morning,70,27,Low,1,0.385714286
228,Event_228,Cultural,Civil,Saturday,Monsoon,Morning,389,223,Medium,2,1.146529563
229,Event_229,Sports,CSE,Friday,Winter,Afternoon,260,167,Medium,5,3.211538462
230,Event_230,Seminar,Management,Friday,Winter,Afternoon,189,74,Low,5,1.957671958
231,Event_231,Cultural,ECE,Tuesday,Summer,Afternoon,342,248,High,1,0.725146199
232,Event_232,Workshop,CSE,Wednesday,Summer,Evening,347,281,High,4,3.239193084
233,Event_233,Seminar,ECE,Friday,Monsoon,Afternoon,450,442,High,2,1.964444444
234,Event_234,Seminar,Mechanical,Monday,Monsoon,Morning,150,83,Medium,3,1.66
235,Event_235,Workshop,Management,Friday,Winter,Evening,353,345,High,3,2.932011331
236,Event_236,Cultural,,Tuesday,Monsoon,Afternoon,408,328,High,1,0.803921569
237,Event_237,Workshop,CSE,Saturday,Winter,Evening,77,68,High,2,1.766233766
238,Event_238,Seminar,CSE,Tuesday,Winter,Evening,90,34,Low,2,0.755555556
239,Event_239,Hackathon,CSE,Saturday,Monsoon,Afternoon,404,346,High,1,0.856435644
240,Event_240,Hackathon,CSE,Saturday,Winter,Evening,352,126,Low,2,0.715909091
241,Event_241,Sports,ECE,Wednesday,Summer,Morning,195,190,High,4,3.897435897
242,Event_242,Workshop,Management,Friday,Monsoon,Morning,305,174,Medium,1,0.570491803
243,Event_243,Workshop,Mechanical,Monday,Summer,Evening,276,248,High,4,3.594202899
244,Event_244,Sports,Mechanical,Monday,Monsoon,Afternoon,285,122,Medium,2,0.856140351
245,Event_245,Sports,Mechanical,Thursday,Winter,Evening,410,308,High,1,0.751219512
246,Event_246,Sports,Mechanical,Saturday,Monsoon,Morning,429,97,Low,2,0.452214452
247,Event_247,Seminar,ECE,Monday,Summer,Evening,62,39,Medium,1,0.629032258
248,Event_248,Workshop,Civil,Wednesday,Winter,Evening,259,68,Low,2,0.525096525
249,Event_249,Seminar,Management,Saturday,Monsoon,Morning,278,269,High,4,3.870503597
250,Event_250,Sports,CSE,Wednesday,Monsoon,Evening,446,283,Medium,4,2.538116592
251,Event_251,Workshop,Civil,Monday,Monsoon,Evening,149,118,High,2,1.583892617
252,Event_252,Seminar,Mechanical,Monday,Summer,Afternoon,80,70,High,1,0.875
253,Event_253,Seminar,Civil,Thursday,Summer,Afternoon,435,149,Low,3,1.027586207
254,Event_254,Sports,Management,Monday,Monsoon,Morning,65,32,Medium,4,1.969230769
255,Event_255,Workshop,CSE,Saturday,Winter,Morning,186,142,High,4,3.053763441
256,Event_256,Sports,CSE,Saturday,Winter,Morning,378,231,Medium,3,1.833333333
257,Event_257,Workshop,Management,Saturday,Summer,Afternoon,215,74,Low,2,0.688372093
258,Event_258,Hackathon,Management,Thursday,Winter,Morning,359,151,Medium,1,0.420612813
259,Event_259,Cultural,Mechanical,Thursday,Summer,Morning,489,381,High,2,1.558282209
260,Event_260,Cultural,CSE,Monday,Monsoon,Morning,149,48,Low,5,1.610738255
261,Event_261,Cultural,Civil,Tuesday,Summer,Afternoon,158,56,Low,4,1.417721519
262,Event_262,Sports,ECE,Tuesday,Summer,Evening,392,246,Medium,5,3.137755102
263,Event_263,Hackathon,ECE,Thursday,Monsoon,Morning,222,150,Medium,4,2.702702703
264,Event_264,Workshop,Management,Monday,Winter,Evening,286,68,Low,4,0.951048951
265,Event_265,Seminar,Mechanical,Tuesday,Summer,Morning,211,79,Low,5,1.872037915
266,Event_266,Workshop,ECE,Monday,Summer,Evening,442,379,High,5,4.287330317
267,Event_267,Seminar,CSE,Monday,Monsoon,Afternoon,265,232,High,2,1.750943396
268,Event_268,Workshop,Management,Monday,Winter,Afternoon,313,79,Low,5,1.261980831
269,Event_269,Hackathon,Civil,Friday,Summer,Morning,312,77,Low,2,0.493589744
270,Event_270,Seminar,Management,Saturday,Monsoon,Evening,341,122,Low,2,0.715542522
271,Event_271,Sports,Civil,Monday,Summer,Afternoon,323,264,High,2,1.634674923
272,Event_272,Workshop,Management,Friday,Monsoon,Morning,52,13,Low,4,1
273,Event_273,Workshop,Management,Thursday,Winter,Morning,77,25,Low,4,1.298701299
274,Event_274,Seminar,Management,Tuesday,Winter,Afternoon,375,136,Low,5,1.813333333
275,Event_275,Sports,Civil,Saturday,Winter,Afternoon,477,107,Low,4,0.897274633
276,Event_276,Sports,Civil,Tuesday,Winter,Morning,198,182,High,5,4.595959596
277,Event_277,Hackathon,Management,Saturday,Summer,Evening,77,69,High,4,3.584415584
278,Event_278,Sports,ECE,Tuesday,Summer,Evening,359,76,Low,1,0.211699164
279,Event_279,Sports,Mechanical,Saturday,Winter,Evening,487,179,Low,1,0.367556468
280,Event_280,Sports,Mechanical,Tuesday,Winter,Morning,114,91,High,5,3.99122807
281,Event_281,Cultural,Mechanical,Tuesday,Winter,Afternoon,405,140,Low,4,1.382716049
282,Event_282,Hackathon,Civil,Tuesday,Summer,Morning,70,62,High,4,3.542857143
283,Event_283,Workshop,Civil,Tuesday,Winter,Afternoon,301,173,Medium,2,1.149501661
284,Event_284,Seminar,ECE,Thursday,Winter,Evening,284,116,Medium,3,1.225352113
285,Event_285,Workshop,Mechanical,Monday,Winter,Evening,276,148,Medium,5,2.68115942
286,Event_286,Hackathon,Mechanical,Wednesday,Monsoon,Afternoon,62,50,High,3,2.419354839
287,Event_287,Seminar,Management,Friday,Winter,Afternoon,362,277,High,3,2.29558011
288,Event_288,Hackathon,Civil,Wednesday,Monsoon,Morning,98,51,Medium,5,2.602040816
289,Event_289,Sports,Mechanical,Wednesday,Monsoon,Evening,167,97,Medium,4,2.323353293
290,Event_290,Seminar,ECE,Saturday,Winter,Morning,103,25,Low,5,1.213592233
291,Event_291,Sports,ECE,Monday,Monsoon,Morning,187,111,Medium,3,1.780748663
292,Event_292,Workshop,Mechanical,Saturday,Winter,Morning,102,22,Low,4,0.862745098
293,Event_293,Workshop,Civil,Monday,Summer,Evening,93,92,High,1,0.989247312
294,Event_294,Seminar,ECE,Monday,Summer,Morning,352,72,Low,5,1.022727273
295,Event_295,Seminar,Management,Tuesday,Summer,Morning,102,83,High,5,4.068627451
296,Event_296,Hackathon,ECE,Thursday,Summer,Morning,123,82,Medium,4,2.666666667
297,Event_297,Hackathon,CSE,Tuesday,Monsoon,Morning,95,81,High,1,0.852631579
298,Event_298,Sports,CSE,Thursday,Winter,Morning,62,48,High,1,0.774193548
299,Event_299,Seminar,Civil,Saturday,Winter,Morning,214,92,Medium,4,1.719626168
300,Event_300,Workshop,Mechanical,Thursday,Winter,Evening,151,112,High,2,1.483443709
301,Event_301,Hackathon,Civil,Saturday,Summer,Morning,329,126,Low,5,1.914893617
302,Event_302,Hackathon,Civil,Wednesday,Summer,Afternoon,307,270,High,5,4.397394137
303,Event_303,Workshop,Civil,Wednesday,Winter,Morning,386,159,Medium,,1.235751295
304,Event_304,Hackathon,Civil,Thursday,Summer,Morning,405,239,Medium,4,2.360493827
305,Event_305,Sports,Management,Thursday,Winter,Evening,447,209,Medium,3,1.402684564
306,Event_306,Seminar,Management,Saturday,Winter,Evening,187,71,Low,3,1.139037433
307,Event_307,Workshop,ECE,Tuesday,Winter,Afternoon,212,93,Medium,1,0.438679245
308,Event_308,Seminar,CSE,Saturday,Winter,Afternoon,458,93,Low,5,1.015283843
309,Event_309,Hackathon,Civil,Tuesday,Winter,Evening,436,380,High,3,2.614678899
310,Event_310,Hackathon,,Wednesday,Winter,Evening,160,94,Medium,1,0.5875
311,Event_311,Workshop,CSE,Monday,Winter,Morning,151,133,High,4,3.523178808
312,Event_312,Sports,Mechanical,Thursday,Summer,Evening,66,50,High,3,2.272727273
313,Event_313,Cultural,Management,Tuesday,Winter,Afternoon,317,124,Low,,1.955835962
314,Event_314,Workshop,CSE,Saturday,Winter,Morning,231,143,Medium,3,1.857142857
315,Event_315,Cultural,Mechanical,Wednesday,Summer,Afternoon,421,124,Low,4,1.178147268
316,Event_316,Cultural,CSE,Tuesday,Summer,Morning,73,71,High,3,2.917808219
317,Event_317,Sports,Management,Saturday,Summer,Evening,78,50,Medium,5,3.205128205
318,Event_318,Cultural,Management,Thursday,Winter,Afternoon,220,175,High,1,0.795454545
319,Event_319,Cultural,ECE,Thursday,Monsoon,Morning,458,314,Medium,5,3.427947598
320,Event_320,Sports,Civil,Friday,Monsoon,Morning,277,67,Low,1,0.241877256
321,Event_321,Cultural,CSE,Monday,Summer,Evening,427,342,High,2,1.601873536
322,Event_322,Cultural,CSE,Friday,Monsoon,Evening,237,206,High,5,4.345991561
323,Event_323,Cultural,Mechanical,Wednesday,Summer,Evening,395,389,High,5,4.924050633
324,Event_324,Workshop,Management,Tuesday,Winter,Afternoon,279,243,High,4,3.483870968
325,Event_325,Workshop,CSE,Wednesday,Monsoon,Morning,370,278,High,3,2.254054054
326,Event_326,Workshop,Management,Saturday,Winter,Evening,389,153,Low,1,0.393316195
327,Event_327,Sports,CSE,Thursday,Monsoon,Afternoon,168,83,Medium,1,0.494047619
328,Event_328,Hackathon,ECE,Friday,Winter,Afternoon,205,76,Low,4,1.482926829
329,Event_329,Cultural,Civil,Friday,Monsoon,Afternoon,321,96,Low,4,1.196261682
330,Event_330,Cultural,CSE,Friday,Winter,Evening,224,89,Medium,3,1.191964286
331,Event_331,Sports,Management,Wednesday,Winter,Evening,153,121,High,3,2.37254902
332,Event_332,Cultural,ECE,Thursday,Monsoon,Morning,141,68,Medium,5,2.411347518
333,Event_333,Workshop,CSE,Tuesday,Winter,Morning,235,180,High,2,1.531914894
334,Event_334,Hackathon,Mechanical,Saturday,Winter,Evening,332,255,High,3,2.304216867
335,Event_335,Seminar,Civil,Tuesday,Winter,Afternoon,230,218,High,4,3.791304348
336,Event_336,Cultural,CSE,Wednesday,Monsoon,Afternoon,219,109,Medium,3,1.493150685
337,Event_337,Workshop,ECE,Saturday,Monsoon,Afternoon,236,139,Medium,1,0.588983051
338,Event_338,Seminar,Mechanical,Friday,Winter,Morning,224,163,High,2,1.455357143
339,Event_339,Hackathon,ECE,Monday,Winter,Afternoon,271,247,High,5,4.557195572
340,Event_340,Seminar,ECE,Wednesday,Monsoon,Morning,282,81,Low,,0.287234043
341,Event_341,Workshop,Mechanical,Wednesday,Monsoon,Morning,211,54,Low,1,0.255924171
342,Event_342,Seminar,ECE,Thursday,Winter,Afternoon,470,203,Medium,2,0.863829787
343,Event_343,Sports,,Tuesday,Winter,Afternoon,183,37,Low,5,1.010928962
344,Event_344,Seminar,CSE,Wednesday,Winter,Evening,440,337,High,4,3.063636364
345,Event_345,Cultural,Mechanical,Wednesday,Summer,Evening,273,203,High,5,3.717948718
346,Event_346,Cultural,Mechanical,Friday,Monsoon,Afternoon,202,71,Low,3,1.054455446
347,Event_347,Sports,Civil,Friday,Summer,Morning,82,17,Low,,0.207317073
348,Event_348,Workshop,Mechanical,Saturday,Monsoon,Morning,104,33,Low,3,0.951923077
349,Event_349,Cultural,Mechanical,Monday,Monsoon,Morning,491,436,High,4,3.551934827
350,Event_350,Hackathon,CSE,Thursday,Monsoon,Morning,56,34,Medium,3,1.821428571
351,Event_351,Cultural,Civil,Monday,Monsoon,Morning,293,159,Medium,5,2.71331058
352,Event_352,Cultural,,Saturday,Monsoon,Evening,362,92,Low,3,0.762430939
353,Event_353,Workshop,CSE,Friday,Monsoon,Afternoon,175,117,Medium,4,2.674285714
354,Event_354,Seminar,CSE,Tuesday,Monsoon,Evening,61,58,High,4,3.803278689
355,Event_355,Cultural,Management,Friday,Summer,Morning,65,52,High,4,3.2
356,Event_356,Sports,Mechanical,Thursday,Winter,Morning,257,193,High,5,3.754863813
357,Event_357,Seminar,ECE,Friday,Winter,Morning,92,72,High,4,3.130434783
358,Event_358,Hackathon,Civil,Thursday,Summer,Morning,422,219,Medium,1,0.518957346
359,Event_359,Workshop,ECE,Thursday,Summer,Afternoon,184,137,High,4,2.97826087
360,Event_360,Hackathon,Management,Thursday,Summer,Morning,277,98,Low,3,1.061371841
361,Event_361,Seminar,CSE,Saturday,Summer,Afternoon,160,142,High,3,2.6625
362,Event_362,Seminar,CSE,Thursday,Monsoon,Morning,356,194,Medium,3,1.634831461
363,Event_363,Seminar,Civil,Thursday,Winter,Afternoon,209,63,Low,5,1.507177033
364,Event_364,Hackathon,CSE,Tuesday,Monsoon,Evening,380,203,Medium,3,1.602631579
365,Event_365,Seminar,CSE,Monday,Winter,Morning,313,91,Low,5,1.453674121
366,Event_366,Hackathon,Civil,Wednesday,Winter,Afternoon,274,86,Low,5,1.569343066
367,Event_367,Seminar,Civil,Monday,Summer,Evening,266,104,Low,4,1.563909774
368,Event_368,Sports,Management,Thursday,Monsoon,Morning,94,45,Medium,1,0.478723404
369,Event_369,Seminar,CSE,Tuesday,Summer,Morning,263,158,Medium,4,2.403041825
370,Event_370,Hackathon,CSE,Friday,Monsoon,Morning,108,57,Medium,4,2.111111111
371,Event_371,Cultural,Management,Tuesday,Winter,Afternoon,181,36,Low,5,0.994475138
372,Event_372,Seminar,Mechanical,Thursday,Summer,Afternoon,153,41,Low,5,1.339869281
373,Event_373,Cultural,Mechanical,Tuesday,Summer,Evening,244,82,Low,3,1.008196721
374,Event_374,Sports,Mechanical,Tuesday,Winter,Afternoon,462,258,Medium,3,1.675324675
375,Event_375,Workshop,Management,Thursday,Winter,Afternoon,206,74,Low,4,1.436893204
376,Event_376,Sports,CSE,Saturday,Winter,Morning,147,73,Medium,2,0.993197279
377,Event_377,Seminar,Management,Tuesday,Summer,Morning,275,118,Medium,2,0.858181818
378,Event_378,Cultural,Management,Wednesday,Monsoon,Morning,461,353,High,3,2.297180043
379,Event_379,Cultural,Mechanical,Wednesday,Summer,Morning,254,64,Low,2,0.503937008
380,Event_380,Hackathon,ECE,Tuesday,Monsoon,Morning,128,36,Low,3,0.84375
381,Event_381,Cultural,CSE,Saturday,Summer,Morning,173,66,Low,5,1.907514451
382,Event_382,Hackathon,Mechanical,Friday,Summer,Morning,477,468,High,4,3.924528302
383,Event_383,Workshop,ECE,Thursday,Winter,Evening,267,60,Low,1,0.224719101
384,Event_384,Seminar,ECE,Wednesday,Monsoon,Evening,53,47,High,4,3.547169811
385,Event_385,Hackathon,Civil,Friday,Summer,Evening,139,66,Medium,3,1.424460432
386,Event_386,Workshop,CSE,Tuesday,Summer,Evening,153,30,Low,3,0.588235294
387,Event_387,Cultural,ECE,Friday,Winter,Morning,442,415,High,4,3.755656109
388,Event_388,Cultural,Mechanical,Monday,Winter,Evening,168,106,Medium,3,1.892857143
389,Event_389,Workshop,Civil,Wednesday,Monsoon,Morning,182,113,Medium,2,1.241758242
390,Event_390,Cultural,CSE,Tuesday,Summer,Evening,361,205,Medium,2,1.135734072
391,Event_391,Workshop,Management,Thursday,Monsoon,Afternoon,145,68,Medium,3,1.406896552
392,Event_392,Hackathon,Mechanical,Saturday,Summer,Evening,483,440,High,3,2.732919255
393,Event_393,Hackathon,ECE,Tuesday,Monsoon,Evening,380,118,Low,2,0.621052632
394,Event_394,Workshop,ECE,Thursday,Winter,Morning,192,68,Low,3,1.0625
395,Event_395,Hackathon,Mechanical,Saturday,Summer,Evening,337,251,High,3,2.234421365
396,Event_396,Hackathon,ECE,Saturday,Monsoon,Afternoon,77,15,Low,4,0.779220779
397,Event_397,Hackathon,Civil,Tuesday,Winter,Morning,327,259,High,1,0.79204893
398,Event_398,Sports,CSE,Friday,Winter,Morning,282,196,Medium,2,1.390070922
399,Event_399,Seminar,Civil,Friday,Monsoon,Evening,66,33,Medium,4,2
400,Event_400,Cultural,ECE,Saturday,Summer,Morning,108,97,High,1,0.898148148
401,Event_401,Sports,Management,Friday,Summer,Morning,139,50,Low,3,1.079136691
402,Event_402,Hackathon,CSE,Monday,Winter,Morning,248,104,Medium,3,1.258064516
403,Event_403,Workshop,CSE,Saturday,Summer,Morning,411,249,Medium,4,2.423357664
404,Event_404,Hackathon,Mechanical,Saturday,Summer,Morning,490,147,Low,3,0.9
405,Event_405,Seminar,Mechanical,Thursday,Summer,Morning,75,35,Medium,5,2.333333333
406,Event_406,Hackathon,Management,Friday,Winter,Afternoon,74,55,High,4,2.972972973
407,Event_407,Workshop,CSE,Saturday,Monsoon,Evening,443,363,High,1,0.819413093
408,Event_408,Seminar,Management,Monday,Summer,Afternoon,350,315,High,4,3.6
409,Event_409,Hackathon,Mechanical,Thursday,Winter,Morning,388,375,High,2,1.932989691
410,Event_410,Seminar,Mechanical,Tuesday,Winter,Morning,316,174,Medium,4,2.202531646
411,Event_411,Cultural,CSE,Saturday,Monsoon,Evening,230,80,Low,3,1.043478261
412,Event_412,Cultural,Civil,Monday,Summer,Afternoon,409,400,High,3,2.93398533
413,Event_413,Hackathon,ECE,Wednesday,Summer,Evening,117,33,Low,5,1.41025641
414,Event_414,Seminar,Mechanical,Monday,Monsoon,Afternoon,400,367,High,5,4.5875
415,Event_415,Workshop,Mechanical,Monday,Monsoon,Morning,461,370,High,5,4.013015184
416,Event_416,Hackathon,Civil,Thursday,Winter,Evening,370,168,Medium,1,0.454054054
417,Event_417,Cultural,Civil,Tuesday,Winter,Evening,98,57,Medium,5,2.908163265
418,Event_418,Cultural,Management,Wednesday,Monsoon,Morning,224,154,Medium,1,0.6875
419,Event_419,Hackathon,,Friday,Summer,Evening,101,47,Medium,5,2.326732673
420,Event_420,Seminar,ECE,Friday,Winter,Afternoon,151,78,Medium,1,0.516556291
421,Event_421,Cultural,ECE,Monday,Winter,Afternoon,265,133,Medium,4,2.00754717
422,Event_422,Seminar,CSE,Thursday,Summer,Afternoon,487,356,High,4,2.924024641
423,Event_423,Cultural,Management,Thursday,Winter,Afternoon,237,170,High,3,2.151898734
424,Event_424,Cultural,Mechanical,Friday,Summer,Morning,106,92,High,1,0.867924528
425,Event_425,Sports,Management,Wednesday,Summer,Evening,96,61,Medium,2,1.270833333
426,Event_426,Cultural,Mechanical,Tuesday,Summer,Afternoon,208,120,Medium,3,1.730769231
427,Event_427,Workshop,Civil,Wednesday,Monsoon,Morning,223,116,Medium,4,2.080717489
428,Event_428,Hackathon,Management,Saturday,Monsoon,Evening,291,59,Low,1,0.202749141
429,Event_429,Hackathon,Civil,Saturday,Monsoon,Evening,331,103,Low,5,1.555891239
430,Event_430,Seminar,ECE,Tuesday,Summer,Morning,290,239,High,2,1.648275862
431,Event_431,Cultural,ECE,Friday,Summer,Morning,419,407,High,4,3.885441527
432,Event_432,Workshop,CSE,Tuesday,Monsoon,Afternoon,54,13,Low,,0.722222222
433,Event_433,Seminar,Management,Thursday,Winter,Evening,133,29,Low,1,0.218045113
434,Event_434,Sports,Civil,Saturday,Summer,Evening,357,119,Low,2,0.666666667
435,Event_435,Seminar,Mechanical,Monday,Winter,Morning,410,124,Low,,0.302439024
436,Event_436,Seminar,ECE,Monday,Winter,Evening,297,94,Low,5,1.582491582
437,Event_437,Cultural,ECE,Friday,Summer,Afternoon,103,66,Medium,3,1.922330097
438,Event_438,Sports,Mechanical,Thursday,Summer,Evening,210,54,Low,1,0.257142857
439,Event_439,Seminar,,Wednesday,Winter,Morning,483,147,Low,4,1.217391304
440,Event_440,Workshop,Civil,Thursday,Winter,Morning,471,151,Low,3,0.961783439
441,Event_441,Workshop,Management,Monday,Monsoon,Afternoon,460,353,High,4,3.069565217
442,Event_442,Hackathon,Management,Monday,Monsoon,Afternoon,275,71,Low,1,0.258181818
443,Event_443,Sports,CSE,Saturday,Summer,Evening,64,20,Low,3,0.9375
444,Event_444,Sports,,Thursday,Monsoon,Evening,273,250,High,4,3.663003663
445,Event_445,Hackathon,Management,Thursday,Monsoon,Morning,110,35,Low,5,1.590909091
446,Event_446,Seminar,Civil,Monday,Monsoon,Afternoon,171,52,Low,5,1.520467836
447,Event_447,Sports,Mechanical,Wednesday,Monsoon,Afternoon,326,187,Medium,1,0.573619632
448,Event_448,Workshop,Civil,Friday,Winter,Afternoon,95,21,Low,3,0.663157895
449,Event_449,Workshop,ECE,Friday,Summer,Evening,439,410,High,2,1.867881549
450,Event_450,Cultural,Civil,Thursday,Monsoon,Afternoon,343,192,Medium,3,1.679300292
451,Event_451,Sports,CSE,Friday,Winter,Morning,111,22,Low,5,0.990990991
452,Event_452,Seminar,ECE,Monday,Winter,Morning,135,36,Low,4,1.066666667
453,Event_453,Hackathon,Mechanical,Monday,Winter,Evening,495,393,High,2,1.587878788
454,Event_454,Hackathon,CSE,Thursday,Monsoon,Evening,259,220,High,1,0.849420849
455,Event_455,Seminar,ECE,Thursday,Monsoon,Afternoon,127,120,High,2,1.88976378
456,Event_456,Cultural,Mechanical,Saturday,Summer,Evening,251,237,High,1,0.944223108
457,Event_457,Hackathon,CSE,Thursday,Monsoon,Morning,351,73,Low,2,0.415954416
458,Event_458,Sports,CSE,Wednesday,Monsoon,Afternoon,446,288,Medium,1,0.64573991
459,Event_459,Cultural,ECE,Friday,Winter,Morning,272,123,Medium,1,0.452205882
460,Event_460,Sports,Management,Thursday,Summer,Afternoon,271,163,Medium,2,1.20295203
461,Event_461,Workshop,CSE,Tuesday,Monsoon,Evening,52,31,Medium,2,1.192307692
462,Event_462,Cultural,CSE,Saturday,Monsoon,Afternoon,55,18,Low,1,0.327272727
463,Event_463,Hackathon,Mechanical,Tuesday,Winter,Afternoon,142,69,Medium,,2.429577465
464,Event_464,Cultural,Civil,Monday,Winter,Morning,57,19,Low,2,0.666666667
465,Event_465,Cultural,ECE,Friday,Monsoon,Morning,477,366,High,3,2.301886792
466,Event_466,Cultural,ECE,Thursday,Summer,Afternoon,284,179,Medium,,2.521126761
467,Event_467,Cultural,Management,Tuesday,Summer,Evening,157,85,Medium,1,0.541401274
468,Event_468,Sports,Management,Friday,Winter,Evening,210,83,Low,1,0.395238095
469,Event_469,Workshop,ECE,Monday,Winter,Morning,258,252,High,4,3.906976744
470,Event_470,Seminar,Management,Wednesday,Monsoon,Evening,289,140,Medium,5,2.422145329
471,Event_471,Cultural,Mechanical,Saturday,Winter,Morning,380,171,Medium,4,1.8
472,Event_472,Hackathon,ECE,Friday,Monsoon,Evening,382,215,Medium,2,1.12565445
473,Event_473,Cultural,Management,Friday,Summer,Afternoon,99,46,Medium,4,1.858585859
474,Event_474,Hackathon,ECE,Wednesday,Summer,Morning,60,51,High,1,0.85
475,Event_475,Sports,Civil,Friday,Monsoon,Morning,400,362,High,4,3.62
476,Event_476,Hackathon,CSE,Monday,Winter,Afternoon,205,43,Low,3,0.629268293
477,Event_477,Seminar,ECE,Monday,Summer,Morning,119,106,High,2,1.781512605
478,Event_478,Workshop,CSE,Wednesday,Winter,Evening,218,156,High,4,2.862385321
479,Event_479,Hackathon,Management,Saturday,Summer,Evening,321,290,High,1,0.903426791
480,Event_480,Hackathon,CSE,Thursday,Monsoon,Morning,117,38,Low,2,0.64957265
481,Event_481,Workshop,ECE,Tuesday,Monsoon,Evening,404,273,Medium,1,0.675742574
482,Event_482,Seminar,Civil,Thursday,Monsoon,Morning,301,74,Low,5,1.22923588
483,Event_483,Cultural,Management,Friday,Summer,Afternoon,97,40,Medium,3,1.237113402
484,Event_484,Hackathon,ECE,Tuesday,Winter,Morning,233,145,Medium,5,3.111587983
485,Event_485,Workshop,Management,Wednesday,Winter,Afternoon,369,190,Medium,3,1.544715447
486,Event_486,Sports,Mechanical,Wednesday,Winter,Evening,236,190,High,4,3.220338983
487,Event_487,Workshop,CSE,Saturday,Summer,Afternoon,139,88,Medium,2,1.26618705
488,Event_488,Sports,Mechanical,Tuesday,Summer,Evening,495,292,Medium,4,2.35959596
489,Event_489,Seminar,,Monday,Summer,Morning,381,315,High,3,2.480314961
490,Event_490,Cultural,Civil,Tuesday,Summer,Evening,188,56,Low,3,0.893617021
491,Event_491,Workshop,,Friday,Summer,Morning,406,92,Low,3,0.679802956
492,Event_492,Hackathon,CSE,Monday,Winter,Morning,138,77,Medium,1,0.557971014
493,Event_493,Seminar,Management,Wednesday,Summer,Afternoon,323,132,Medium,2,0.817337461
494,Event_494,Workshop,ECE,Tuesday,Summer,Afternoon,68,42,Medium,4,2.470588235
495,Event_495,Hackathon,Management,Thursday,Winter,Afternoon,360,305,High,4,3.388888889
496,Event_496,Workshop,CSE,Saturday,Summer,Afternoon,407,81,Low,5,0.995085995
497,Event_497,Sports,ECE,Thursday,Winter,Evening,423,149,Low,3,1.056737589
498,Event_498,Workshop,Management,Saturday,Winter,Evening,203,69,Low,3,1.019704433
499,Event_499,Workshop,Civil,Friday,Monsoon,Evening,439,305,Medium,3,2.08428246
500,Event_500,Workshop,ECE,Thursday,Monsoon,Morning,309,143,Medium,4,1.851132686
501,Event_501,Seminar,ECE,Tuesday,Monsoon,Evening,157,133,High,5,4.23566879
502,Event_502,Workshop,Civil,Tuesday,Monsoon,Evening,420,251,Medium,1,0.597619048
503,Event_503,Hackathon,Mechanical,Thursday,Summer,Evening,334,181,Medium,2,1.083832335
504,Event_504,Sports,CSE,Tuesday,Monsoon,Afternoon,108,40,Low,1,0.37037037
505,Event_505,Sports,Mechanical,Friday,Winter,Evening,174,90,Medium,4,2.068965517
506,Event_506,Workshop,Management,Monday,Summer,Morning,403,366,High,3,2.724565757
507,Event_507,Seminar,Civil,Friday,Monsoon,Afternoon,322,286,High,2,1.776397516
508,Event_508,Seminar,Mechanical,Saturday,Winter,Morning,156,59,Low,4,1.512820513
509,Event_509,Hackathon,ECE,Friday,Summer,Evening,348,106,Low,4,1.218390805
510,Event_510,Workshop,Management,Saturday,Summer,Afternoon,294,131,Medium,4,1.782312925
511,Event_511,Sports,Management,Tuesday,Monsoon,Morning,385,263,Medium,2,1.366233766
512,Event_512,Seminar,Mechanical,Monday,Summer,Evening,499,394,High,2,1.579158317
513,Event_513,Workshop,Mechanical,Tuesday,Winter,Morning,467,350,High,5,3.74732334
514,Event_514,Seminar,Civil,Wednesday,Summer,Morning,296,79,Low,5,1.334459459
515,Event_515,Seminar,CSE,Tuesday,Winter,Morning,57,26,Medium,1,0.456140351
516,Event_516,Sports,Mechanical,Saturday,Summer,Evening,190,81,Medium,2,0.852631579
517,Event_517,Cultural,Mechanical,Tuesday,Monsoon,Evening,411,399,High,2,1.941605839
518,Event_518,Hackathon,ECE,Tuesday,Winter,Morning,57,49,High,2,1.719298246
519,Event_519,Hackathon,Management,Monday,Summer,Afternoon,401,126,Low,5,1.571072319
520,Event_520,Sports,CSE,Tuesday,Summer,Afternoon,143,50,Low,4,1.398601399
521,Event_521,Seminar,ECE,Monday,Summer,Evening,370,141,Low,3,1.143243243
522,Event_522,Workshop,Civil,Thursday,Winter,Evening,476,423,High,5,4.443277311
523,Event_523,Seminar,Civil,Wednesday,Winter,Evening,88,34,Low,2,0.772727273
524,Event_524,Sports,Mechanical,Monday,Winter,Evening,130,72,Medium,5,2.769230769
525,Event_525,Hackathon,Mechanical,Saturday,Monsoon,Evening,236,74,Low,1,0.313559322
526,Event_526,Seminar,Civil,Thursday,Monsoon,Afternoon,133,127,High,2,1.909774436
527,Event_527,Hackathon,Mechanical,Monday,Winter,Evening,137,75,Medium,1,0.547445255
528,Event_528,Workshop,,Monday,Summer,Morning,291,225,High,2,1.546391753
529,Event_529,Hackathon,Mechanical,Wednesday,Monsoon,Morning,391,336,High,5,4.296675192
530,Event_530,Hackathon,Management,Saturday,Winter,Afternoon,142,58,Medium,4,1.633802817
531,Event_531,Cultural,Mechanical,Friday,Summer,Morning,135,133,High,3,2.955555556
532,Event_532,Cultural,ECE,Friday,Monsoon,Afternoon,93,54,Medium,1,0.580645161
533,Event_533,Cultural,CSE,Monday,Summer,Afternoon,186,46,Low,5,1.23655914
534,Event_534,Hackathon,ECE,Tuesday,Summer,Morning,470,276,Medium,4,2.34893617
535,Event_535,Sports,ECE,Saturday,Summer,Evening,123,43,Low,5,1.74796748
536,Event_536,Hackathon,Management,Thursday,Summer,Morning,85,33,Low,1,0.388235294
537,Event_537,Sports,CSE,Tuesday,Monsoon,Morning,150,67,Medium,3,1.34
538,Event_538,Sports,CSE,Tuesday,Monsoon,Afternoon,205,51,Low,5,1.243902439
539,Event_539,Cultural,CSE,Saturday,Monsoon,Morning,475,250,Medium,2,1.052631579
540,Event_540,Seminar,,Monday,Winter,Afternoon,304,64,Low,4,0.842105263
541,Event_541,Workshop,CSE,Monday,Monsoon,Evening,220,140,Medium,5,3.181818182
542,Event_542,Cultural,Management,Monday,Summer,Evening,265,160,Medium,4,2.41509434
543,Event_543,Cultural,Mechanical,Monday,Monsoon,Evening,219,79,Low,2,0.721461187
544,Event_544,Seminar,ECE,Friday,Summer,Morning,301,175,Medium,3,1.744186047
545,Event_545,Workshop,CSE,Monday,Winter,Afternoon,409,221,Medium,3,1.621026895
546,Event_546,Hackathon,Mechanical,Friday,Summer,Evening,371,256,Medium,2,1.380053908
547,Event_547,Hackathon,Mechanical,Friday,Summer,Afternoon,104,77,High,4,2.961538462
548,Event_548,Cultural,ECE,Monday,Summer,Afternoon,481,284,Medium,5,2.952182952
549,Event_549,Workshop,Management,Wednesday,Winter,Evening,140,32,Low,2,0.457142857
550,Event_550,Cultural,Civil,Thursday,Monsoon,Evening,327,300,High,1,0.917431193
551,Event_551,Sports,Civil,Tuesday,Monsoon,Afternoon,150,56,Low,4,1.493333333
552,Event_552,Cultural,Mechanical,Friday,Winter,Evening,204,128,Medium,3,1.882352941
553,Event_553,Cultural,ECE,Saturday,Summer,Afternoon,426,86,Low,2,0.403755869
554,Event_554,Hackathon,Civil,Saturday,Monsoon,Afternoon,398,342,High,3,2.577889447
555,Event_555,Hackathon,Mechanical,Thursday,Winter,Evening,413,392,High,4,3.796610169
556,Event_556,Hackathon,Management,Saturday,Monsoon,Morning,190,67,Low,3,1.057894737
557,Event_557,Sports,Civil,Wednesday,Winter,Evening,222,54,Low,2,0.486486486
558,Event_558,Hackathon,,Saturday,Summer,Morning,59,52,High,4,3.525423729
559,Event_559,Workshop,Mechanical,Tuesday,Monsoon,Afternoon,277,185,Medium,1,0.667870036
560,Event_560,Seminar,CSE,Tuesday,Winter,Afternoon,314,100,Low,2,0.636942675
561,Event_561,Workshop,Management,Friday,Monsoon,Morning,487,429,High,5,4.404517454
562,Event_562,Workshop,CSE,Monday,Monsoon,Afternoon,297,194,Medium,2,1.306397306
563,Event_563,Hackathon,ECE,Wednesday,Monsoon,Morning,296,278,High,4,3.756756757
564,Event_564,Seminar,CSE,Friday,Monsoon,Morning,204,202,High,2,1.980392157
565,Event_565,Seminar,CSE,Wednesday,Winter,Afternoon,83,54,Medium,1,0.65060241
566,Event_566,Seminar,Civil,Monday,Summer,Morning,178,62,Low,1,0.348314607
567,Event_567,Sports,Mechanical,Saturday,Winter,Evening,209,203,High,5,4.85645933
568,Event_568,Hackathon,Management,Saturday,Winter,Evening,138,35,Low,3,0.760869565
569,Event_569,Seminar,CSE,Monday,Winter,Afternoon,142,34,Low,4,0.957746479
570,Event_570,Sports,Management,Friday,Summer,Afternoon,376,244,Medium,4,2.595744681
571,Event_571,Cultural,CSE,Monday,Monsoon,Morning,290,173,Medium,3,1.789655172
572,Event_572,Cultural,ECE,Thursday,Monsoon,Morning,372,129,Low,1,0.346774194
573,Event_573,Sports,CSE,Tuesday,Monsoon,Morning,453,123,Low,1,0.271523179
574,Event_574,Sports,Civil,Friday,Summer,Morning,166,63,Low,2,0.759036145
575,Event_575,Hackathon,Mechanical,Wednesday,Monsoon,Evening,143,124,High,5,4.335664336
576,Event_576,Hackathon,ECE,Thursday,Summer,Evening,212,159,High,5,3.75
577,Event_577,Cultural,CSE,Friday,Monsoon,Afternoon,148,59,Medium,5,1.993243243
578,Event_578,Seminar,Management,Monday,Monsoon,Morning,162,54,Low,2,0.666666667
579,Event_579,Cultural,ECE,Monday,Winter,Morning,408,184,Medium,5,2.254901961
580,Event_580,Seminar,ECE,Monday,Summer,Afternoon,140,95,Medium,3,2.035714286
581,Event_581,Seminar,CSE,Monday,Winter,Morning,395,376,High,2,1.903797468
582,Event_582,Hackathon,ECE,Wednesday,Winter,Morning,255,102,Medium,3,1.2
583,Event_583,Workshop,Management,Thursday,Winter,Morning,66,13,Low,2,0.393939394
584,Event_584,Workshop,ECE,Saturday,Summer,Morning,323,288,High,5,4.458204334
585,Event_585,Sports,Management,Tuesday,Summer,Morning,222,85,Low,3,1.148648649
586,Event_586,Hackathon,CSE,Wednesday,Monsoon,Afternoon,165,156,High,3,2.836363636
587,Event_587,Seminar,Mechanical,Wednesday,Winter,Morning,398,179,Medium,3,1.349246231
588,Event_588,Workshop,ECE,Saturday,Monsoon,Afternoon,230,60,Low,2,0.52173913
589,Event_589,Seminar,,Saturday,Winter,Morning,140,44,Low,4,1.257142857
590,Event_590,Workshop,Management,Tuesday,Summer,Evening,131,47,Low,5,1.79389313
591,Event_591,Workshop,ECE,Tuesday,Summer,Evening,373,111,Low,3,0.892761394
592,Event_592,Workshop,Civil,Saturday,Summer,Evening,498,297,Medium,4,2.385542169
593,Event_593,Hackathon,Mechanical,Monday,Winter,Evening,163,47,Low,5,1.441717791
594,Event_594,Cultural,ECE,Wednesday,Summer,Afternoon,306,129,Medium,5,2.107843137
595,Event_595,Seminar,Mechanical,Friday,Winter,Afternoon,107,71,Medium,3,1.990654206
596,Event_596,Hackathon,ECE,Tuesday,Monsoon,Morning,203,127,Medium,3,1.876847291
597,Event_597,Hackathon,CSE,Tuesday,Winter,Evening,414,305,High,2,1.473429952
598,Event_598,Hackathon,Mechanical,Saturday,Monsoon,Afternoon,453,106,Low,4,0.93598234
599,Event_599,Hackathon,Civil,Thursday,Winter,Morning,165,140,High,4,3.393939394
600,Event_600,Hackathon,Civil,Friday,Monsoon,Morning,392,286,High,3,2.18877551
601,Event_601,Sports,Management,Friday,Summer,Afternoon,315,236,High,5,3.746031746
602,Event_602,Seminar,ECE,Tuesday,Monsoon,Evening,364,291,High,3,2.398351648
603,Event_603,Hackathon,Mechanical,Monday,Summer,Morning,252,220,High,5,4.365079365
604,Event_604,Seminar,Management,Thursday,Summer,Evening,90,23,Low,5,1.277777778
605,Event_605,Sports,Mechanical,Friday,Monsoon,Evening,154,141,High,3,2.746753247
606,Event_606,Sports,ECE,Tuesday,Winter,Evening,438,100,Low,1,0.228310502
607,Event_607,Seminar,Civil,Friday,Winter,Morning,427,369,High,4,3.456674473
608,Event_608,Workshop,CSE,Thursday,Winter,Evening,242,229,High,5,4.731404959
609,Event_609,Cultural,Civil,Thursday,Winter,Morning,450,368,High,5,4.088888889
610,Event_610,Workshop,Management,Wednesday,Winter,Evening,327,254,High,1,0.77675841
611,Event_611,Workshop,CSE,Saturday,Summer,Morning,403,294,High,2,1.459057072
612,Event_612,Workshop,Management,Saturday,Winter,Evening,286,144,Medium,1,0.503496503
613,Event_613,Hackathon,ECE,Tuesday,Summer,Afternoon,474,248,Medium,1,0.523206751
614,Event_614,Sports,CSE,Thursday,Summer,Evening,270,59,Low,5,1.092592593
615,Event_615,Workshop,Management,Wednesday,Summer,Evening,117,85,High,,2.905982906
616,Event_616,Sports,ECE,Wednesday,Monsoon,Morning,246,155,Medium,1,0.630081301
617,Event_617,Seminar,Civil,Friday,Monsoon,Morning,305,170,Medium,2,1.114754098
618,Event_618,Cultural,ECE,Friday,Summer,Evening,188,59,Low,3,0.941489362
619,Event_619,Seminar,Mechanical,Wednesday,Monsoon,Afternoon,361,105,Low,1,0.290858726
620,Event_620,Seminar,ECE,Friday,Winter,Afternoon,484,363,High,1,0.75
621,Event_621,Hackathon,ECE,Thursday,Winter,Morning,198,125,Medium,2,1.262626263
622,Event_622,Cultural,Mechanical,Monday,Summer,Afternoon,148,107,High,4,2.891891892
623,Event_623,Seminar,Management,Thursday,Winter,Evening,125,112,High,1,0.896
624,Event_624,Seminar,Management,Wednesday,Summer,Morning,331,85,Low,1,0.256797583
625,Event_625,Cultural,ECE,Wednesday,Summer,Evening,420,89,Low,4,0.847619048
626,Event_626,Cultural,Mechanical,Thursday,Winter,Morning,452,159,Low,2,0.703539823
627,Event_627,Seminar,,Friday,Monsoon,Morning,158,127,High,1,0.803797468
628,Event_628,Cultural,Civil,Friday,Winter,Morning,237,97,Medium,4,1.637130802
629,Event_629,Seminar,Management,Saturday,Winter,Morning,248,65,Low,1,0.262096774
630,Event_630,Seminar,CSE,Wednesday,Summer,Afternoon,352,153,Medium,3,1.303977273
631,Event_631,Hackathon,Management,Tuesday,Summer,Evening,376,227,Medium,5,3.018617021
632,Event_632,Workshop,Management,Saturday,Summer,Evening,203,93,Medium,3,1.374384236
633,Event_633,Seminar,Civil,Friday,Summer,Evening,89,23,Low,1,0.258426966
634,Event_634,Sports,CSE,Thursday,Monsoon,Morning,182,50,Low,2,0.549450549
635,Event_635,Workshop,Civil,Friday,Monsoon,Afternoon,454,335,High,5,3.689427313
636,Event_636,Workshop,CSE,Thursday,Monsoon,Evening,181,168,High,3,2.784530387
637,Event_637,Workshop,ECE,Saturday,Summer,Afternoon,328,99,Low,4,1.207317073
638,Event_638,Hackathon,CSE,Wednesday,Summer,Morning,411,367,High,2,1.785888078
639,Event_639,Seminar,Civil,Friday,Summer,Evening,133,28,Low,3,0.631578947
640,Event_640,Hackathon,Management,Thursday,Monsoon,Afternoon,448,278,Medium,4,2.482142857
641,Event_641,Seminar,CSE,Wednesday,Summer,Morning,291,92,Low,1,0.316151203
642,Event_642,Hackathon,CSE,Tuesday,Winter,Afternoon,165,97,Medium,4,2.351515152
643,Event_643,Hackathon,Mechanical,Thursday,Winter,Evening,158,106,Medium,3,2.012658228
644,Event_644,Sports,Management,Saturday,Summer,Evening,270,131,Medium,3,1.455555556
645,Event_645,Hackathon,ECE,Tuesday,Winter,Morning,441,368,High,1,0.83446712
646,Event_646,Cultural,,Tuesday,Winter,Morning,90,52,Medium,4,2.311111111
647,Event_647,Sports,ECE,Monday,Monsoon,Morning,417,153,Low,4,1.467625899
648,Event_648,Hackathon,Management,Friday,Summer,Afternoon,196,179,High,1,0.913265306
649,Event_649,Workshop,CSE,Thursday,Summer,Afternoon,161,112,High,4,2.782608696
650,Event_650,Cultural,CSE,Tuesday,Monsoon,Afternoon,152,140,High,1,0.921052632
651,Event_651,Cultural,Management,Monday,Winter,Morning,95,41,Medium,2,0.863157895
652,Event_652,Cultural,CSE,Saturday,Winter,Evening,461,241,Medium,3,1.568329718
653,Event_653,Sports,CSE,Wednesday,Summer,Evening,373,87,Low,2,0.466487936
654,Event_654,Hackathon,CSE,Thursday,Winter,Afternoon,427,409,High,5,4.789227166
655,Event_655,Hackathon,Civil,Tuesday,Monsoon,Afternoon,320,302,High,5,4.71875
656,Event_656,Workshop,Civil,Friday,Monsoon,Evening,470,255,Medium,5,2.712765957
657,Event_657,Workshop,Mechanical,Monday,Summer,Evening,434,212,Medium,1,0.488479263
658,Event_658,Cultural,,Tuesday,Monsoon,Afternoon,244,228,High,4,3.737704918
659,Event_659,Workshop,Management,Friday,Monsoon,Afternoon,416,245,Medium,2,1.177884615
660,Event_660,Sports,Management,Tuesday,Summer,Evening,329,321,High,2,1.951367781
661,Event_661,Hackathon,Management,Thursday,Monsoon,Morning,332,247,High,2,1.487951807
662,Event_662,Cultural,,Thursday,Monsoon,Afternoon,89,20,Low,2,0.449438202
663,Event_663,Workshop,,Thursday,Monsoon,Evening,496,287,Medium,5,2.893145161
664,Event_664,Sports,Mechanical,Saturday,Winter,Evening,238,74,Low,2,0.621848739
665,Event_665,Sports,Management,Saturday,Summer,Evening,213,73,Low,4,1.370892019
666,Event_666,Workshop,ECE,Monday,Summer,Evening,73,63,High,5,4.315068493
667,Event_667,Hackathon,CSE,Thursday,Summer,Morning,73,52,High,2,1.424657534
668,Event_668,Workshop,Civil,Friday,Winter,Evening,53,35,Medium,1,0.660377358
669,Event_669,Cultural,Civil,Tuesday,Winter,Afternoon,372,150,Medium,3,1.209677419
670,Event_670,Workshop,Mechanical,Wednesday,Summer,Morning,339,244,High,3,2.159292035
671,Event_671,Sports,Civil,Friday,Winter,Evening,490,219,Medium,3,1.340816327
672,Event_672,Workshop,Management,Saturday,Summer,Morning,482,206,Medium,5,2.136929461
673,Event_673,Hackathon,Management,Saturday,Winter,Afternoon,230,88,Low,2,0.765217391
674,Event_674,Seminar,Mechanical,Friday,Monsoon,Evening,297,89,Low,5,1.498316498
675,Event_675,Workshop,Management,Saturday,Monsoon,Afternoon,165,74,Medium,4,1.793939394
676,Event_676,Hackathon,ECE,Thursday,Summer,Evening,328,109,Low,1,0.332317073
677,Event_677,Hackathon,Mechanical,Monday,Winter,Evening,414,147,Low,1,0.355072464
678,Event_678,Sports,ECE,Tuesday,Winter,Evening,118,89,High,3,2.262711864
679,Event_679,Hackathon,CSE,Monday,Monsoon,Evening,400,150,Low,3,1.125
680,Event_680,Hackathon,ECE,Tuesday,Monsoon,Evening,303,268,High,,2.653465347
681,Event_681,Hackathon,CSE,Tuesday,Winter,Morning,230,190,High,2,1.652173913
682,Event_682,Hackathon,CSE,Monday,Winter,Evening,367,219,Medium,,2.386920981
683,Event_683,Cultural,ECE,Friday,Winter,Evening,218,104,Medium,4,1.908256881
684,Event_684,Cultural,Mechanical,Tuesday,Winter,Morning,362,140,Low,4,1.546961326
685,Event_685,Sports,,Monday,Winter,Morning,298,111,Low,4,1.489932886
686,Event_686,Workshop,Management,Tuesday,Winter,Morning,237,75,Low,3,0.949367089
687,Event_687,Hackathon,CSE,Wednesday,Summer,Morning,103,47,Medium,1,0.45631068
688,Event_688,Workshop,CSE,Friday,Winter,Morning,375,209,Medium,3,1.672
689,Event_689,Workshop,Mechanical,Thursday,Monsoon,Morning,406,381,High,4,3.753694581
690,Event_690,Sports,Civil,Tuesday,Summer,Evening,362,114,Low,3,0.944751381
691,Event_691,Hackathon,ECE,Wednesday,Winter,Evening,187,174,High,4,3.721925134
692,Event_692,Hackathon,CSE,Thursday,Monsoon,Afternoon,217,108,Medium,5,2.488479263
693,Event_693,Seminar,Management,Thursday,Summer,Evening,440,401,High,1,0.911363636
694,Event_694,Workshop,Mechanical,Tuesday,Monsoon,Evening,152,35,Low,5,1.151315789
695,Event_695,Workshop,ECE,Monday,Winter,Morning,471,149,Low,2,0.632696391
696,Event_696,Cultural,Mechanical,Tuesday,Winter,Morning,134,96,High,3,2.149253731
697,Event_697,Seminar,ECE,Wednesday,Winter,Evening,366,95,Low,2,0.519125683
698,Event_698,Cultural,ECE,Thursday,Winter,Afternoon,261,109,Medium,3,1.252873563
699,Event_699,Cultural,CSE,Tuesday,Summer,Morning,52,51,High,5,4.903846154
700,Event_700,Cultural,Mechanical,Monday,Summer,Evening,433,103,Low,4,0.951501155
159,Event_159,Workshop,CSE,Wednesday,Winter,Evening,490,379,High,5,3.867346939
501,Event_501,Seminar,ECE,Tuesday,Monsoon,Evening,157,133,High,5,4.23566879
397,Event_397,Hackathon,Civil,Tuesday,Winter,Morning,327,259,High,1,0.79204893
156,Event_156,Workshop,Civil,Monday,Monsoon,Afternoon,253,249,High,5,4.920948617
322,Event_322,Cultural,CSE,Friday,Monsoon,Evening,237,206,High,5,4.345991561
213,Event_213,Sports,Mechanical,Thursday,Monsoon,Evening,262,139,Medium,1,0.530534351
235,Event_235,Workshop,Management,Friday,Winter,Evening,353,345,High,3,2.932011331
290,Event_290,Seminar,ECE,Saturday,Winter,Morning,103,25,Low,5,1.213592233
301,Event_301,Hackathon,Civil,Saturday,Summer,Morning,329,126,Low,5,1.914893617
357,Event_357,Seminar,ECE,Friday,Winter,Morning,92,72,High,4,3.130434783
674,Event_674,Seminar,Mechanical,Friday,Monsoon,Evening,297,89,Low,5,1.498316498
329,Event_329,Cultural,Civil,Friday,Monsoon,Afternoon,321,96,Low,4,1.196261682
200,Event_200,Seminar,Mechanical,Friday,Summer,Morning,470,384,High,4,3.268085106
79,Event_79,Seminar,Mechanical,Tuesday,Monsoon,Afternoon,194,152,High,2,1.567010309
600,Event_600,Hackathon,Civil,Friday,Monsoon,Morning,392,286,High,3,2.18877551
571,Event_571,Cultural,CSE,Monday,Monsoon,Morning,290,173,Medium,3,1.789655172
447,Event_447,Sports,Mechanical,Wednesday,Monsoon,Afternoon,326,187,Medium,1,0.573619632
508,Event_508,Seminar,Mechanical,Saturday,Winter,Morning,156,59,Low,4,1.512820513
628,Event_628,Cultural,Civil,Friday,Winter,Morning,237,97,Medium,4,1.637130802
500,Event_500,Workshop,ECE,Thursday,Monsoon,Morning,309,143,Medium,4,1.851132686
361,Event_361,Seminar,CSE,Saturday,Summer,Afternoon,160,142,High,3,2.6625
339,Event_339,Hackathon,ECE,Monday,Winter,Afternoon,271,247,High,5,4.557195572
558,Event_558,Hackathon,,Saturday,Summer,Morning,59,52,High,4,3.525423729
291,Event_291,Sports,ECE,Monday,Monsoon,Morning,187,111,Medium,3,1.780748663
285,Event_285,Workshop,Mechanical,Monday,Winter,Evening,276,148,Medium,5,2.68115942
332,Event_332,Cultural,ECE,Thursday,Monsoon,Morning,141,68,Medium,5,2.411347518
479,Event_479,Hackathon,Management,Saturday,Summer,Evening,321,290,High,1,0.903426791
55,Event_55,Sports,Mechanical,Saturday,Winter,Evening,72,17,Low,3,0.708333333
249,Event_249,Seminar,Management,Saturday,Monsoon,Morning,278,269,High,4,3.870503597
224,Event_224,Seminar,Management,Saturday,Winter,Evening,330,76,Low,2,0.460606061
134,Event_134,Hackathon,CSE,Thursday,Summer,Morning,461,226,Medium,3,1.470715835
534,Event_534,Hackathon,ECE,Tuesday,Summer,Morning,470,276,Medium,4,2.34893617
137,Event_137,Seminar,ECE,Thursday,Monsoon,Afternoon,457,326,High,4,2.853391685
110,Event_110,Sports,Management,Friday,Monsoon,Morning,486,305,Medium,5,3.137860082
182,Event_182,Sports,Management,Wednesday,Summer,Morning,114,85,High,1,0.745614035
433,Event_433,Seminar,Management,Thursday,Winter,Evening,133,29,Low,1,0.218045113
560,Event_560,Seminar,CSE,Tuesday,Winter,Afternoon,314,100,Low,2,0.636942675
484,Event_484,Hackathon,ECE,Tuesday,Winter,Morning,233,145,Medium,5,3.111587983
518,Event_518,Hackathon,ECE,Tuesday,Winter,Morning,57,49,High,2,1.719298246
133,Event_133,Seminar,ECE,Thursday,Summer,Morning,227,129,Medium,5,2.841409692
